{
    "loss": 70.46949005126953,
    "accuracy": 0.4313725531101227
}